mag_bin,asas_sn_id,index_num,index_csv,lc_dir,dat_path,g_n_peaks,g_mean_mag,g_peaks_idx,g_peaks_jd,v_n_peaks,v_mean_mag,v_peaks_idx,v_peaks_jd
12_12.5,395137802047,0,/data/poohbah/1/assassin/lenhart/code/calder/lcsv2_masked/12_12.5/index0_masked.csv,/data/poohbah/1/assassin/rowan.90/lcsv2/12_12.5/lc0_cal,/data/poohbah/1/assassin/rowan.90/lcsv2/12_12.5/lc0_cal/395137802047.dat,0,12.027989817593093,[],[],0,12.03103881533101,[],[]
12_12.5,292059029648,0,/data/poohbah/1/assassin/lenhart/code/calder/lcsv2_masked/12_12.5/index0_masked.csv,/data/poohbah/1/assassin/rowan.90/lcsv2/12_12.5/lc0_cal,/data/poohbah/1/assassin/rowan.90/lcsv2/12_12.5/lc0_cal/292059029648.dat,0,11.995477624713958,[],[],0,11.99355505673759,[],[]
12_12.5,292058107236,0,/data/poohbah/1/assassin/lenhart/code/calder/lcsv2_masked/12_12.5/index0_masked.csv,/data/poohbah/1/assassin/rowan.90/lcsv2/12_12.5/lc0_cal,/data/poohbah/1/assassin/rowan.90/lcsv2/12_12.5/lc0_cal/292058107236.dat,0,12.032721752797015,[],[],0,12.032350836938436,[],[]
12_12.5,309238193423,0,/data/poohbah/1/assassin/lenhart/code/calder/lcsv2_masked/12_12.5/index0_masked.csv,/data/poohbah/1/assassin/rowan.90/lcsv2/12_12.5/lc0_cal,/data/poohbah/1/assassin/rowan.90/lcsv2/12_12.5/lc0_cal/309238193423.dat,0,12.102934927777778,[],[],0,12.024716391891893,[],[]
12_12.5,292058568170,0,/data/poohbah/1/assassin/lenhart/code/calder/lcsv2_masked/12_12.5/index0_masked.csv,/data/poohbah/1/assassin/rowan.90/lcsv2/12_12.5/lc0_cal,/data/poohbah/1/assassin/rowan.90/lcsv2/12_12.5/lc0_cal/292058568170.dat,0,12.00812899778516,[],[],0,12.01558690909091,[],[]
12_12.5,395137789448,0,/data/poohbah/1/assassin/lenhart/code/calder/lcsv2_masked/12_12.5/index0_masked.csv,/data/poohbah/1/assassin/rowan.90/lcsv2/12_12.5/lc0_cal,/data/poohbah/1/assassin/rowan.90/lcsv2/12_12.5/lc0_cal/395137789448.dat,0,11.8828392265625,[],[],0,11.887937389090908,[],[]
12_12.5,292058078176,0,/data/poohbah/1/assassin/lenhart/code/calder/lcsv2_masked/12_12.5/index0_masked.csv,/data/poohbah/1/assassin/rowan.90/lcsv2/12_12.5/lc0_cal,/data/poohbah/1/assassin/rowan.90/lcsv2/12_12.5/lc0_cal/292058078176.dat,0,12.010145626097868,[],[],0,12.01220563448276,[],[]
12_12.5,292058106654,0,/data/poohbah/1/assassin/lenhart/code/calder/lcsv2_masked/12_12.5/index0_masked.csv,/data/poohbah/1/assassin/rowan.90/lcsv2/12_12.5/lc0_cal,/data/poohbah/1/assassin/rowan.90/lcsv2/12_12.5/lc0_cal/292058106654.dat,0,12.017564556313994,[],[],0,12.030949147368421,[],[]
12_12.5,292058535070,0,/data/poohbah/1/assassin/lenhart/code/calder/lcsv2_masked/12_12.5/index0_masked.csv,/data/poohbah/1/assassin/rowan.90/lcsv2/12_12.5/lc0_cal,/data/poohbah/1/assassin/rowan.90/lcsv2/12_12.5/lc0_cal/292058535070.dat,0,12.099825905172416,[],[],0,12.082040217522659,[],[]
12_12.5,395137797714,0,/data/poohbah/1/assassin/lenhart/code/calder/lcsv2_masked/12_12.5/index0_masked.csv,/data/poohbah/1/assassin/rowan.90/lcsv2/12_12.5/lc0_cal,/data/poohbah/1/assassin/rowan.90/lcsv2/12_12.5/lc0_cal/395137797714.dat,0,12.025900264088397,[],[],0,12.026988259740259,[],[]
12_12.5,292058539557,0,/data/poohbah/1/assassin/lenhart/code/calder/lcsv2_masked/12_12.5/index0_masked.csv,/data/poohbah/1/assassin/rowan.90/lcsv2/12_12.5/lc0_cal,/data/poohbah/1/assassin/rowan.90/lcsv2/12_12.5/lc0_cal/292058539557.dat,0,12.040288040723981,[],[],0,12.039312694630873,[],[]
12_12.5,395137799595,0,/data/poohbah/1/assassin/lenhart/code/calder/lcsv2_masked/12_12.5/index0_masked.csv,/data/poohbah/1/assassin/rowan.90/lcsv2/12_12.5/lc0_cal,/data/poohbah/1/assassin/rowan.90/lcsv2/12_12.5/lc0_cal/395137799595.dat,0,12.023847926757812,[],[],0,12.023637318435751,[],[]
12_12.5,292058332295,0,/data/poohbah/1/assassin/lenhart/code/calder/lcsv2_masked/12_12.5/index0_masked.csv,/data/poohbah/1/assassin/rowan.90/lcsv2/12_12.5/lc0_cal,/data/poohbah/1/assassin/rowan.90/lcsv2/12_12.5/lc0_cal/292058332295.dat,0,12.020976441647596,[],[],0,12.02395545138889,[],[]
12_12.5,292058107262,0,/data/poohbah/1/assassin/lenhart/code/calder/lcsv2_masked/12_12.5/index0_masked.csv,/data/poohbah/1/assassin/rowan.90/lcsv2/12_12.5/lc0_cal,/data/poohbah/1/assassin/rowan.90/lcsv2/12_12.5/lc0_cal/292058107262.dat,0,11.894298018678162,[],[],0,11.900608666666667,[],[]
12_12.5,292059050732,0,/data/poohbah/1/assassin/lenhart/code/calder/lcsv2_masked/12_12.5/index0_masked.csv,/data/poohbah/1/assassin/rowan.90/lcsv2/12_12.5/lc0_cal,/data/poohbah/1/assassin/rowan.90/lcsv2/12_12.5/lc0_cal/292059050732.dat,0,11.981624560099132,[],[],0,11.981543205438065,[],[]
12_12.5,292059047747,0,/data/poohbah/1/assassin/lenhart/code/calder/lcsv2_masked/12_12.5/index0_masked.csv,/data/poohbah/1/assassin/rowan.90/lcsv2/12_12.5/lc0_cal,/data/poohbah/1/assassin/rowan.90/lcsv2/12_12.5/lc0_cal/292059047747.dat,0,12.004653175949366,[],[],0,11.99543910689655,[],[]
12_12.5,395137786700,0,/data/poohbah/1/assassin/lenhart/code/calder/lcsv2_masked/12_12.5/index0_masked.csv,/data/poohbah/1/assassin/rowan.90/lcsv2/12_12.5/lc0_cal,/data/poohbah/1/assassin/rowan.90/lcsv2/12_12.5/lc0_cal/395137786700.dat,0,12.038888418657564,[],[],0,12.026406694444445,[],[]
12_12.5,283469129840,0,/data/poohbah/1/assassin/lenhart/code/calder/lcsv2_masked/12_12.5/index0_masked.csv,/data/poohbah/1/assassin/rowan.90/lcsv2/12_12.5/lc0_cal,/data/poohbah/1/assassin/rowan.90/lcsv2/12_12.5/lc0_cal/283469129840.dat,2,12.138063772637796,"[870, 906]","[9959.652452, 9.520127]",0,12.013199102941176,[],[]
12_12.5,309238183804,0,/data/poohbah/1/assassin/lenhart/code/calder/lcsv2_masked/12_12.5/index0_masked.csv,/data/poohbah/1/assassin/rowan.90/lcsv2/12_12.5/lc0_cal,/data/poohbah/1/assassin/rowan.90/lcsv2/12_12.5/lc0_cal/309238183804.dat,0,12.08924021810089,[],[],0,12.064930207848837,[],[]
12_12.5,292058097766,0,/data/poohbah/1/assassin/lenhart/code/calder/lcsv2_masked/12_12.5/index0_masked.csv,/data/poohbah/1/assassin/rowan.90/lcsv2/12_12.5/lc0_cal,/data/poohbah/1/assassin/rowan.90/lcsv2/12_12.5/lc0_cal/292058097766.dat,0,11.990869800246609,[],[],0,11.993898611940297,[],[]
12_12.5,395137799549,0,/data/poohbah/1/assassin/lenhart/code/calder/lcsv2_masked/12_12.5/index0_masked.csv,/data/poohbah/1/assassin/rowan.90/lcsv2/12_12.5/lc0_cal,/data/poohbah/1/assassin/rowan.90/lcsv2/12_12.5/lc0_cal/395137799549.dat,0,11.857520361549499,[],[],0,11.863350296296296,[],[]
12_12.5,326418042464,0,/data/poohbah/1/assassin/lenhart/code/calder/lcsv2_masked/12_12.5/index0_masked.csv,/data/poohbah/1/assassin/rowan.90/lcsv2/12_12.5/lc0_cal,/data/poohbah/1/assassin/rowan.90/lcsv2/12_12.5/lc0_cal/326418042464.dat,0,12.035804434720228,[],[],0,12.033684697080293,[],[]
12_12.5,309238185225,0,/data/poohbah/1/assassin/lenhart/code/calder/lcsv2_masked/12_12.5/index0_masked.csv,/data/poohbah/1/assassin/rowan.90/lcsv2/12_12.5/lc0_cal,/data/poohbah/1/assassin/rowan.90/lcsv2/12_12.5/lc0_cal/309238185225.dat,0,11.989229743529414,[],[],0,11.992280068376067,[],[]
12_12.5,309238203333,0,/data/poohbah/1/assassin/lenhart/code/calder/lcsv2_masked/12_12.5/index0_masked.csv,/data/poohbah/1/assassin/rowan.90/lcsv2/12_12.5/lc0_cal,/data/poohbah/1/assassin/rowan.90/lcsv2/12_12.5/lc0_cal/309238203333.dat,0,12.03332668781726,[],[],0,12.040168795918367,[],[]
12_12.5,292059050391,0,/data/poohbah/1/assassin/lenhart/code/calder/lcsv2_masked/12_12.5/index0_masked.csv,/data/poohbah/1/assassin/rowan.90/lcsv2/12_12.5/lc0_cal,/data/poohbah/1/assassin/rowan.90/lcsv2/12_12.5/lc0_cal/292059050391.dat,0,12.010776548216647,[],[],0,12.011155398648649,[],[]
12_12.5,395137807714,0,/data/poohbah/1/assassin/lenhart/code/calder/lcsv2_masked/12_12.5/index0_masked.csv,/data/poohbah/1/assassin/rowan.90/lcsv2/12_12.5/lc0_cal,/data/poohbah/1/assassin/rowan.90/lcsv2/12_12.5/lc0_cal/395137807714.dat,0,11.933181492734477,[],[],0,11.933850121645797,[],[]
12_12.5,292059046200,0,/data/poohbah/1/assassin/lenhart/code/calder/lcsv2_masked/12_12.5/index0_masked.csv,/data/poohbah/1/assassin/rowan.90/lcsv2/12_12.5/lc0_cal,/data/poohbah/1/assassin/rowan.90/lcsv2/12_12.5/lc0_cal/292059046200.dat,0,12.006577710234279,[],[],0,12.009180148148149,[],[]
12_12.5,395137797702,0,/data/poohbah/1/assassin/lenhart/code/calder/lcsv2_masked/12_12.5/index0_masked.csv,/data/poohbah/1/assassin/rowan.90/lcsv2/12_12.5/lc0_cal,/data/poohbah/1/assassin/rowan.90/lcsv2/12_12.5/lc0_cal/395137797702.dat,0,11.983311532520325,[],[],0,11.981637589622641,[],[]
12_12.5,292059048431,0,/data/poohbah/1/assassin/lenhart/code/calder/lcsv2_masked/12_12.5/index0_masked.csv,/data/poohbah/1/assassin/rowan.90/lcsv2/12_12.5/lc0_cal,/data/poohbah/1/assassin/rowan.90/lcsv2/12_12.5/lc0_cal/292059048431.dat,0,12.006247560888887,[],[],0,12.005041139465876,[],[]
12_12.5,395137778658,0,/data/poohbah/1/assassin/lenhart/code/calder/lcsv2_masked/12_12.5/index0_masked.csv,/data/poohbah/1/assassin/rowan.90/lcsv2/12_12.5/lc0_cal,/data/poohbah/1/assassin/rowan.90/lcsv2/12_12.5/lc0_cal/395137778658.dat,0,12.036684375545853,[],[],0,12.031116688405799,[],[]
12_12.5,292058085387,0,/data/poohbah/1/assassin/lenhart/code/calder/lcsv2_masked/12_12.5/index0_masked.csv,/data/poohbah/1/assassin/rowan.90/lcsv2/12_12.5/lc0_cal,/data/poohbah/1/assassin/rowan.90/lcsv2/12_12.5/lc0_cal/292058085387.dat,0,12.043306641812865,[],[],0,12.039892636363637,[],[]
12_12.5,395137803752,0,/data/poohbah/1/assassin/lenhart/code/calder/lcsv2_masked/12_12.5/index0_masked.csv,/data/poohbah/1/assassin/rowan.90/lcsv2/12_12.5/lc0_cal,/data/poohbah/1/assassin/rowan.90/lcsv2/12_12.5/lc0_cal/395137803752.dat,0,12.002076416547789,[],[],0,12.003705221105527,[],[]
12_12.5,292058324764,0,/data/poohbah/1/assassin/lenhart/code/calder/lcsv2_masked/12_12.5/index0_masked.csv,/data/poohbah/1/assassin/rowan.90/lcsv2/12_12.5/lc0_cal,/data/poohbah/1/assassin/rowan.90/lcsv2/12_12.5/lc0_cal/292058324764.dat,0,12.045453399309553,[],[],0,12.037741840277778,[],[]
12_12.5,292058544168,0,/data/poohbah/1/assassin/lenhart/code/calder/lcsv2_masked/12_12.5/index0_masked.csv,/data/poohbah/1/assassin/rowan.90/lcsv2/12_12.5/lc0_cal,/data/poohbah/1/assassin/rowan.90/lcsv2/12_12.5/lc0_cal/292058544168.dat,0,12.018856553495004,[],[],0,12.012845129629628,[],[]
12_12.5,326418044882,0,/data/poohbah/1/assassin/lenhart/code/calder/lcsv2_masked/12_12.5/index0_masked.csv,/data/poohbah/1/assassin/rowan.90/lcsv2/12_12.5/lc0_cal,/data/poohbah/1/assassin/rowan.90/lcsv2/12_12.5/lc0_cal/326418044882.dat,0,12.040194444126076,[],[],0,12.039515496644295,[],[]
12_12.5,395137805500,0,/data/poohbah/1/assassin/lenhart/code/calder/lcsv2_masked/12_12.5/index0_masked.csv,/data/poohbah/1/assassin/rowan.90/lcsv2/12_12.5/lc0_cal,/data/poohbah/1/assassin/rowan.90/lcsv2/12_12.5/lc0_cal/395137805500.dat,0,12.008490427753935,[],[],0,12.010858974169741,[],[]
12_12.5,292058541295,0,/data/poohbah/1/assassin/lenhart/code/calder/lcsv2_masked/12_12.5/index0_masked.csv,/data/poohbah/1/assassin/rowan.90/lcsv2/12_12.5/lc0_cal,/data/poohbah/1/assassin/rowan.90/lcsv2/12_12.5/lc0_cal/292058541295.dat,0,12.019550566523606,[],[],0,12.021767199261994,[],[]
12_12.5,326418039147,0,/data/poohbah/1/assassin/lenhart/code/calder/lcsv2_masked/12_12.5/index0_masked.csv,/data/poohbah/1/assassin/rowan.90/lcsv2/12_12.5/lc0_cal,/data/poohbah/1/assassin/rowan.90/lcsv2/12_12.5/lc0_cal/326418039147.dat,0,12.032954885558583,[],[],0,12.03090702156334,[],[]
12_12.5,309238187205,0,/data/poohbah/1/assassin/lenhart/code/calder/lcsv2_masked/12_12.5/index0_masked.csv,/data/poohbah/1/assassin/rowan.90/lcsv2/12_12.5/lc0_cal,/data/poohbah/1/assassin/rowan.90/lcsv2/12_12.5/lc0_cal/309238187205.dat,0,11.98049411637931,[],[],0,11.987778812500002,[],[]
12_12.5,292058322175,0,/data/poohbah/1/assassin/lenhart/code/calder/lcsv2_masked/12_12.5/index0_masked.csv,/data/poohbah/1/assassin/rowan.90/lcsv2/12_12.5/lc0_cal,/data/poohbah/1/assassin/rowan.90/lcsv2/12_12.5/lc0_cal/292058322175.dat,0,12.01383995244216,[],[],0,12.01200158419244,[],[]
12_12.5,326418040295,0,/data/poohbah/1/assassin/lenhart/code/calder/lcsv2_masked/12_12.5/index0_masked.csv,/data/poohbah/1/assassin/rowan.90/lcsv2/12_12.5/lc0_cal,/data/poohbah/1/assassin/rowan.90/lcsv2/12_12.5/lc0_cal/326418040295.dat,0,12.070409838481908,[],[],0,12.064032084548105,[],[]
12_12.5,292058536872,0,/data/poohbah/1/assassin/lenhart/code/calder/lcsv2_masked/12_12.5/index0_masked.csv,/data/poohbah/1/assassin/rowan.90/lcsv2/12_12.5/lc0_cal,/data/poohbah/1/assassin/rowan.90/lcsv2/12_12.5/lc0_cal/292058536872.dat,0,12.00414277586207,[],[],0,12.009868201388889,[],[]
12_12.5,292059054003,0,/data/poohbah/1/assassin/lenhart/code/calder/lcsv2_masked/12_12.5/index0_masked.csv,/data/poohbah/1/assassin/rowan.90/lcsv2/12_12.5/lc0_cal,/data/poohbah/1/assassin/rowan.90/lcsv2/12_12.5/lc0_cal/292059054003.dat,0,12.057596369958276,[],[],0,12.05814797080292,[],[]
12_12.5,292058573144,0,/data/poohbah/1/assassin/lenhart/code/calder/lcsv2_masked/12_12.5/index0_masked.csv,/data/poohbah/1/assassin/rowan.90/lcsv2/12_12.5/lc0_cal,/data/poohbah/1/assassin/rowan.90/lcsv2/12_12.5/lc0_cal/292058573144.dat,0,12.007162864285716,[],[],0,11.993994065326634,[],[]
12_12.5,395137802681,0,/data/poohbah/1/assassin/lenhart/code/calder/lcsv2_masked/12_12.5/index0_masked.csv,/data/poohbah/1/assassin/rowan.90/lcsv2/12_12.5/lc0_cal,/data/poohbah/1/assassin/rowan.90/lcsv2/12_12.5/lc0_cal/395137802681.dat,0,12.02379063795256,[],[],0,12.025848425266904,[],[]
12_12.5,309238178558,0,/data/poohbah/1/assassin/lenhart/code/calder/lcsv2_masked/12_12.5/index0_masked.csv,/data/poohbah/1/assassin/rowan.90/lcsv2/12_12.5/lc0_cal,/data/poohbah/1/assassin/rowan.90/lcsv2/12_12.5/lc0_cal/309238178558.dat,0,12.005870736286921,[],[],0,12.008089427272727,[],[]
12_12.5,395137789778,0,/data/poohbah/1/assassin/lenhart/code/calder/lcsv2_masked/12_12.5/index0_masked.csv,/data/poohbah/1/assassin/rowan.90/lcsv2/12_12.5/lc0_cal,/data/poohbah/1/assassin/rowan.90/lcsv2/12_12.5/lc0_cal/395137789778.dat,0,12.011057307692306,[],[],0,12.010682981549815,[],[]
12_12.5,292059043904,0,/data/poohbah/1/assassin/lenhart/code/calder/lcsv2_masked/12_12.5/index0_masked.csv,/data/poohbah/1/assassin/rowan.90/lcsv2/12_12.5/lc0_cal,/data/poohbah/1/assassin/rowan.90/lcsv2/12_12.5/lc0_cal/292059043904.dat,0,12.005278146226416,[],[],0,12.007452088685014,[],[]
12_12.5,292059066075,0,/data/poohbah/1/assassin/lenhart/code/calder/lcsv2_masked/12_12.5/index0_masked.csv,/data/poohbah/1/assassin/rowan.90/lcsv2/12_12.5/lc0_cal,/data/poohbah/1/assassin/rowan.90/lcsv2/12_12.5/lc0_cal/292059066075.dat,0,12.017040105459058,[],[],0,12.016775986206897,[],[]
12_12.5,395137774973,0,/data/poohbah/1/assassin/lenhart/code/calder/lcsv2_masked/12_12.5/index0_masked.csv,/data/poohbah/1/assassin/rowan.90/lcsv2/12_12.5/lc0_cal,/data/poohbah/1/assassin/rowan.90/lcsv2/12_12.5/lc0_cal/395137774973.dat,0,11.941675605105104,[],[],0,11.947718892857141,[],[]
12_12.5,326418061261,0,/data/poohbah/1/assassin/lenhart/code/calder/lcsv2_masked/12_12.5/index0_masked.csv,/data/poohbah/1/assassin/rowan.90/lcsv2/12_12.5/lc0_cal,/data/poohbah/1/assassin/rowan.90/lcsv2/12_12.5/lc0_cal/326418061261.dat,0,12.030274705093833,[],[],0,12.02827792913386,[],[]
12_12.5,292058538824,0,/data/poohbah/1/assassin/lenhart/code/calder/lcsv2_masked/12_12.5/index0_masked.csv,/data/poohbah/1/assassin/rowan.90/lcsv2/12_12.5/lc0_cal,/data/poohbah/1/assassin/rowan.90/lcsv2/12_12.5/lc0_cal/292058538824.dat,0,12.067749644571428,[],[],0,12.05543516491228,[],[]
12_12.5,292058552156,0,/data/poohbah/1/assassin/lenhart/code/calder/lcsv2_masked/12_12.5/index0_masked.csv,/data/poohbah/1/assassin/rowan.90/lcsv2/12_12.5/lc0_cal,/data/poohbah/1/assassin/rowan.90/lcsv2/12_12.5/lc0_cal/292058552156.dat,0,11.997756941040462,[],[],0,11.999133390070924,[],[]
12_12.5,292059033386,0,/data/poohbah/1/assassin/lenhart/code/calder/lcsv2_masked/12_12.5/index0_masked.csv,/data/poohbah/1/assassin/rowan.90/lcsv2/12_12.5/lc0_cal,/data/poohbah/1/assassin/rowan.90/lcsv2/12_12.5/lc0_cal/292059033386.dat,0,12.065919012158055,[],[],0,12.030466256934304,[],[]
12_12.5,292058559739,0,/data/poohbah/1/assassin/lenhart/code/calder/lcsv2_masked/12_12.5/index0_masked.csv,/data/poohbah/1/assassin/rowan.90/lcsv2/12_12.5/lc0_cal,/data/poohbah/1/assassin/rowan.90/lcsv2/12_12.5/lc0_cal/292058559739.dat,0,12.012940556410257,[],[],0,12.006534334545455,[],[]
12_12.5,292058535980,0,/data/poohbah/1/assassin/lenhart/code/calder/lcsv2_masked/12_12.5/index0_masked.csv,/data/poohbah/1/assassin/rowan.90/lcsv2/12_12.5/lc0_cal,/data/poohbah/1/assassin/rowan.90/lcsv2/12_12.5/lc0_cal/292058535980.dat,0,12.035161280597016,[],[],0,12.024037995024877,[],[]
12_12.5,395137806212,0,/data/poohbah/1/assassin/lenhart/code/calder/lcsv2_masked/12_12.5/index0_masked.csv,/data/poohbah/1/assassin/rowan.90/lcsv2/12_12.5/lc0_cal,/data/poohbah/1/assassin/rowan.90/lcsv2/12_12.5/lc0_cal/395137806212.dat,0,12.00866121797153,[],[],0,12.00831016426513,[],[]
12_12.5,292058106074,0,/data/poohbah/1/assassin/lenhart/code/calder/lcsv2_masked/12_12.5/index0_masked.csv,/data/poohbah/1/assassin/rowan.90/lcsv2/12_12.5/lc0_cal,/data/poohbah/1/assassin/rowan.90/lcsv2/12_12.5/lc0_cal/292058106074.dat,0,11.95905101425662,[],[],0,11.961324779104478,[],[]
12_12.5,292058347061,0,/data/poohbah/1/assassin/lenhart/code/calder/lcsv2_masked/12_12.5/index0_masked.csv,/data/poohbah/1/assassin/rowan.90/lcsv2/12_12.5/lc0_cal,/data/poohbah/1/assassin/rowan.90/lcsv2/12_12.5/lc0_cal/292058347061.dat,4,11.791041591603053,"[171, 313, 474, 716]","[8618.83701, 8727.697887, 9054.858278, 9470.659085]",0,11.788075710144927,[],[]
12_12.5,395137780834,0,/data/poohbah/1/assassin/lenhart/code/calder/lcsv2_masked/12_12.5/index0_masked.csv,/data/poohbah/1/assassin/rowan.90/lcsv2/12_12.5/lc0_cal,/data/poohbah/1/assassin/rowan.90/lcsv2/12_12.5/lc0_cal/395137780834.dat,0,11.992484532467534,[],[],0,11.994500272084805,[],[]
12_12.5,292058349283,0,/data/poohbah/1/assassin/lenhart/code/calder/lcsv2_masked/12_12.5/index0_masked.csv,/data/poohbah/1/assassin/rowan.90/lcsv2/12_12.5/lc0_cal,/data/poohbah/1/assassin/rowan.90/lcsv2/12_12.5/lc0_cal/292058349283.dat,0,11.99348947985782,[],[],0,11.995746417266188,[],[]
12_12.5,292058342029,0,/data/poohbah/1/assassin/lenhart/code/calder/lcsv2_masked/12_12.5/index0_masked.csv,/data/poohbah/1/assassin/rowan.90/lcsv2/12_12.5/lc0_cal,/data/poohbah/1/assassin/rowan.90/lcsv2/12_12.5/lc0_cal/292058342029.dat,0,11.988742484223302,[],[],0,11.98866093030303,[],[]
12_12.5,309238187820,0,/data/poohbah/1/assassin/lenhart/code/calder/lcsv2_masked/12_12.5/index0_masked.csv,/data/poohbah/1/assassin/rowan.90/lcsv2/12_12.5/lc0_cal,/data/poohbah/1/assassin/rowan.90/lcsv2/12_12.5/lc0_cal/309238187820.dat,0,12.018939115009747,[],[],0,12.018482915360503,[],[]
12_12.5,395137802644,0,/data/poohbah/1/assassin/lenhart/code/calder/lcsv2_masked/12_12.5/index0_masked.csv,/data/poohbah/1/assassin/rowan.90/lcsv2/12_12.5/lc0_cal,/data/poohbah/1/assassin/rowan.90/lcsv2/12_12.5/lc0_cal/395137802644.dat,0,12.019426255835668,[],[],0,12.017925342465754,[],[]
12_12.5,292058095797,0,/data/poohbah/1/assassin/lenhart/code/calder/lcsv2_masked/12_12.5/index0_masked.csv,/data/poohbah/1/assassin/rowan.90/lcsv2/12_12.5/lc0_cal,/data/poohbah/1/assassin/rowan.90/lcsv2/12_12.5/lc0_cal/292058095797.dat,0,12.03092116887417,[],[],0,12.032382176895307,[],[]
12_12.5,309238191036,0,/data/poohbah/1/assassin/lenhart/code/calder/lcsv2_masked/12_12.5/index0_masked.csv,/data/poohbah/1/assassin/rowan.90/lcsv2/12_12.5/lc0_cal,/data/poohbah/1/assassin/rowan.90/lcsv2/12_12.5/lc0_cal/309238191036.dat,0,12.040251578947368,[],[],0,12.033590545454546,[],[]
12_12.5,395137783414,0,/data/poohbah/1/assassin/lenhart/code/calder/lcsv2_masked/12_12.5/index0_masked.csv,/data/poohbah/1/assassin/rowan.90/lcsv2/12_12.5/lc0_cal,/data/poohbah/1/assassin/rowan.90/lcsv2/12_12.5/lc0_cal/395137783414.dat,0,11.96054591891892,[],[],0,11.959825180685357,[],[]
12_12.5,292058083435,0,/data/poohbah/1/assassin/lenhart/code/calder/lcsv2_masked/12_12.5/index0_masked.csv,/data/poohbah/1/assassin/rowan.90/lcsv2/12_12.5/lc0_cal,/data/poohbah/1/assassin/rowan.90/lcsv2/12_12.5/lc0_cal/292058083435.dat,0,12.016026841656517,[],[],0,12.015419315985131,[],[]
12_12.5,292059034666,0,/data/poohbah/1/assassin/lenhart/code/calder/lcsv2_masked/12_12.5/index0_masked.csv,/data/poohbah/1/assassin/rowan.90/lcsv2/12_12.5/lc0_cal,/data/poohbah/1/assassin/rowan.90/lcsv2/12_12.5/lc0_cal/292059034666.dat,7,12.363333618739903,"[40, 108, 161, 200, 378, 430, 603]","[8419.499177, 8662.837955, 8727.832674, 8792.54717, 9659.574965, 9785.495952, 404.981494]",1,12.461615254237287,[36],[8035.562292]
12_12.5,309238207677,0,/data/poohbah/1/assassin/lenhart/code/calder/lcsv2_masked/12_12.5/index0_masked.csv,/data/poohbah/1/assassin/rowan.90/lcsv2/12_12.5/lc0_cal,/data/poohbah/1/assassin/rowan.90/lcsv2/12_12.5/lc0_cal/309238207677.dat,0,12.027318176056337,[],[],0,12.022134306709265,[],[]
12_12.5,292058328886,0,/data/poohbah/1/assassin/lenhart/code/calder/lcsv2_masked/12_12.5/index0_masked.csv,/data/poohbah/1/assassin/rowan.90/lcsv2/12_12.5/lc0_cal,/data/poohbah/1/assassin/rowan.90/lcsv2/12_12.5/lc0_cal/292058328886.dat,0,12.031059277372261,[],[],0,12.03183918581081,[],[]
12_12.5,309238170612,0,/data/poohbah/1/assassin/lenhart/code/calder/lcsv2_masked/12_12.5/index0_masked.csv,/data/poohbah/1/assassin/rowan.90/lcsv2/12_12.5/lc0_cal,/data/poohbah/1/assassin/rowan.90/lcsv2/12_12.5/lc0_cal/309238170612.dat,0,11.978170792682928,[],[],0,11.981367838187701,[],[]
12_12.5,292058103998,0,/data/poohbah/1/assassin/lenhart/code/calder/lcsv2_masked/12_12.5/index0_masked.csv,/data/poohbah/1/assassin/rowan.90/lcsv2/12_12.5/lc0_cal,/data/poohbah/1/assassin/rowan.90/lcsv2/12_12.5/lc0_cal/292058103998.dat,0,12.002520701664535,[],[],0,12.002875785454545,[],[]
12_12.5,292058331286,0,/data/poohbah/1/assassin/lenhart/code/calder/lcsv2_masked/12_12.5/index0_masked.csv,/data/poohbah/1/assassin/rowan.90/lcsv2/12_12.5/lc0_cal,/data/poohbah/1/assassin/rowan.90/lcsv2/12_12.5/lc0_cal/292058331286.dat,0,12.05166926345609,[],[],0,12.051850994974874,[],[]
12_12.5,309238192257,0,/data/poohbah/1/assassin/lenhart/code/calder/lcsv2_masked/12_12.5/index0_masked.csv,/data/poohbah/1/assassin/rowan.90/lcsv2/12_12.5/lc0_cal,/data/poohbah/1/assassin/rowan.90/lcsv2/12_12.5/lc0_cal/309238192257.dat,0,11.93615401726122,[],[],0,11.934773342105263,[],[]
12_12.5,395137789895,0,/data/poohbah/1/assassin/lenhart/code/calder/lcsv2_masked/12_12.5/index0_masked.csv,/data/poohbah/1/assassin/rowan.90/lcsv2/12_12.5/lc0_cal,/data/poohbah/1/assassin/rowan.90/lcsv2/12_12.5/lc0_cal/395137789895.dat,0,12.05679972871573,[],[],0,12.052517144486693,[],[]
12_12.5,292059041669,0,/data/poohbah/1/assassin/lenhart/code/calder/lcsv2_masked/12_12.5/index0_masked.csv,/data/poohbah/1/assassin/rowan.90/lcsv2/12_12.5/lc0_cal,/data/poohbah/1/assassin/rowan.90/lcsv2/12_12.5/lc0_cal/292059041669.dat,0,12.010864000986192,[],[],0,12.01613952027027,[],[]
12_12.5,292059044590,0,/data/poohbah/1/assassin/lenhart/code/calder/lcsv2_masked/12_12.5/index0_masked.csv,/data/poohbah/1/assassin/rowan.90/lcsv2/12_12.5/lc0_cal,/data/poohbah/1/assassin/rowan.90/lcsv2/12_12.5/lc0_cal/292059044590.dat,0,12.011620324766355,[],[],0,12.014863658536585,[],[]
12_12.5,292058075747,0,/data/poohbah/1/assassin/lenhart/code/calder/lcsv2_masked/12_12.5/index0_masked.csv,/data/poohbah/1/assassin/rowan.90/lcsv2/12_12.5/lc0_cal,/data/poohbah/1/assassin/rowan.90/lcsv2/12_12.5/lc0_cal/292058075747.dat,0,11.991399606606606,[],[],0,11.974770214285714,[],[]
12_12.5,292059045847,0,/data/poohbah/1/assassin/lenhart/code/calder/lcsv2_masked/12_12.5/index0_masked.csv,/data/poohbah/1/assassin/rowan.90/lcsv2/12_12.5/lc0_cal,/data/poohbah/1/assassin/rowan.90/lcsv2/12_12.5/lc0_cal/292059045847.dat,0,12.010971511396011,[],[],0,12.010945162361624,[],[]
12_12.5,292059065985,0,/data/poohbah/1/assassin/lenhart/code/calder/lcsv2_masked/12_12.5/index0_masked.csv,/data/poohbah/1/assassin/rowan.90/lcsv2/12_12.5/lc0_cal,/data/poohbah/1/assassin/rowan.90/lcsv2/12_12.5/lc0_cal/292059065985.dat,0,12.000194798488664,[],[],0,12.00672082909091,[],[]
12_12.5,292058093171,0,/data/poohbah/1/assassin/lenhart/code/calder/lcsv2_masked/12_12.5/index0_masked.csv,/data/poohbah/1/assassin/rowan.90/lcsv2/12_12.5/lc0_cal,/data/poohbah/1/assassin/rowan.90/lcsv2/12_12.5/lc0_cal/292058093171.dat,0,12.030768544291337,[],[],0,12.026221925675676,[],[]
12_12.5,309238188681,0,/data/poohbah/1/assassin/lenhart/code/calder/lcsv2_masked/12_12.5/index0_masked.csv,/data/poohbah/1/assassin/rowan.90/lcsv2/12_12.5/lc0_cal,/data/poohbah/1/assassin/rowan.90/lcsv2/12_12.5/lc0_cal/309238188681.dat,0,12.002870490701003,[],[],0,12.002788267399268,[],[]
12_12.5,326418037198,0,/data/poohbah/1/assassin/lenhart/code/calder/lcsv2_masked/12_12.5/index0_masked.csv,/data/poohbah/1/assassin/rowan.90/lcsv2/12_12.5/lc0_cal,/data/poohbah/1/assassin/rowan.90/lcsv2/12_12.5/lc0_cal/326418037198.dat,0,11.991076381944445,[],[],0,11.993233915194347,[],[]
12_12.5,283469129712,0,/data/poohbah/1/assassin/lenhart/code/calder/lcsv2_masked/12_12.5/index0_masked.csv,/data/poohbah/1/assassin/rowan.90/lcsv2/12_12.5/lc0_cal,/data/poohbah/1/assassin/rowan.90/lcsv2/12_12.5/lc0_cal/283469129712.dat,0,12.012734782608696,[],[],0,11.997356755555556,[],[]
12_12.5,292059059318,0,/data/poohbah/1/assassin/lenhart/code/calder/lcsv2_masked/12_12.5/index0_masked.csv,/data/poohbah/1/assassin/rowan.90/lcsv2/12_12.5/lc0_cal,/data/poohbah/1/assassin/rowan.90/lcsv2/12_12.5/lc0_cal/292059059318.dat,0,12.033873259052925,[],[],0,12.037594430656934,[],[]
12_12.5,395137777013,0,/data/poohbah/1/assassin/lenhart/code/calder/lcsv2_masked/12_12.5/index0_masked.csv,/data/poohbah/1/assassin/rowan.90/lcsv2/12_12.5/lc0_cal,/data/poohbah/1/assassin/rowan.90/lcsv2/12_12.5/lc0_cal/395137777013.dat,0,12.088596751141553,[],[],0,12.077072069444444,[],[]
12_12.5,292059034258,0,/data/poohbah/1/assassin/lenhart/code/calder/lcsv2_masked/12_12.5/index0_masked.csv,/data/poohbah/1/assassin/rowan.90/lcsv2/12_12.5/lc0_cal,/data/poohbah/1/assassin/rowan.90/lcsv2/12_12.5/lc0_cal/292059034258.dat,0,11.981833349693252,[],[],0,11.98095478125,[],[]
12_12.5,292058532948,0,/data/poohbah/1/assassin/lenhart/code/calder/lcsv2_masked/12_12.5/index0_masked.csv,/data/poohbah/1/assassin/rowan.90/lcsv2/12_12.5/lc0_cal,/data/poohbah/1/assassin/rowan.90/lcsv2/12_12.5/lc0_cal/292058532948.dat,0,12.051207279425837,[],[],0,12.05042813580247,[],[]
12_12.5,292058332947,0,/data/poohbah/1/assassin/lenhart/code/calder/lcsv2_masked/12_12.5/index0_masked.csv,/data/poohbah/1/assassin/rowan.90/lcsv2/12_12.5/lc0_cal,/data/poohbah/1/assassin/rowan.90/lcsv2/12_12.5/lc0_cal/292058332947.dat,0,11.979570242135367,[],[],0,11.980430083623695,[],[]
12_12.5,292058354838,0,/data/poohbah/1/assassin/lenhart/code/calder/lcsv2_masked/12_12.5/index0_masked.csv,/data/poohbah/1/assassin/rowan.90/lcsv2/12_12.5/lc0_cal,/data/poohbah/1/assassin/rowan.90/lcsv2/12_12.5/lc0_cal/292058354838.dat,0,12.025988383404865,[],[],0,12.018872280442805,[],[]
12_12.5,309238196941,0,/data/poohbah/1/assassin/lenhart/code/calder/lcsv2_masked/12_12.5/index0_masked.csv,/data/poohbah/1/assassin/rowan.90/lcsv2/12_12.5/lc0_cal,/data/poohbah/1/assassin/rowan.90/lcsv2/12_12.5/lc0_cal/309238196941.dat,0,12.03149858817876,[],[],0,12.032055756834533,[],[]
12_12.5,292058546611,0,/data/poohbah/1/assassin/lenhart/code/calder/lcsv2_masked/12_12.5/index0_masked.csv,/data/poohbah/1/assassin/rowan.90/lcsv2/12_12.5/lc0_cal,/data/poohbah/1/assassin/rowan.90/lcsv2/12_12.5/lc0_cal/292058546611.dat,0,12.093775004195805,[],[],0,12.028411027027026,[],[]
12_12.5,292058111262,0,/data/poohbah/1/assassin/lenhart/code/calder/lcsv2_masked/12_12.5/index0_masked.csv,/data/poohbah/1/assassin/rowan.90/lcsv2/12_12.5/lc0_cal,/data/poohbah/1/assassin/rowan.90/lcsv2/12_12.5/lc0_cal/292058111262.dat,0,12.081316103163685,[],[],0,12.080807271028037,[],[]
12_12.5,292058341169,0,/data/poohbah/1/assassin/lenhart/code/calder/lcsv2_masked/12_12.5/index0_masked.csv,/data/poohbah/1/assassin/rowan.90/lcsv2/12_12.5/lc0_cal,/data/poohbah/1/assassin/rowan.90/lcsv2/12_12.5/lc0_cal/292058341169.dat,0,12.039463935766422,[],[],0,12.037313123188405,[],[]
12_12.5,292059036153,0,/data/poohbah/1/assassin/lenhart/code/calder/lcsv2_masked/12_12.5/index0_masked.csv,/data/poohbah/1/assassin/rowan.90/lcsv2/12_12.5/lc0_cal,/data/poohbah/1/assassin/rowan.90/lcsv2/12_12.5/lc0_cal/292059036153.dat,0,11.994989057086613,[],[],0,11.991760689189189,[],[]
12_12.5,395137780402,0,/data/poohbah/1/assassin/lenhart/code/calder/lcsv2_masked/12_12.5/index0_masked.csv,/data/poohbah/1/assassin/rowan.90/lcsv2/12_12.5/lc0_cal,/data/poohbah/1/assassin/rowan.90/lcsv2/12_12.5/lc0_cal/395137780402.dat,0,11.830724255163226,[],[],0,11.832210516129033,[],[]
12_12.5,292058343002,0,/data/poohbah/1/assassin/lenhart/code/calder/lcsv2_masked/12_12.5/index0_masked.csv,/data/poohbah/1/assassin/rowan.90/lcsv2/12_12.5/lc0_cal,/data/poohbah/1/assassin/rowan.90/lcsv2/12_12.5/lc0_cal/292058343002.dat,0,11.997322953313253,[],[],0,12.0007440990099,[],[]
12_12.5,292058109684,0,/data/poohbah/1/assassin/lenhart/code/calder/lcsv2_masked/12_12.5/index0_masked.csv,/data/poohbah/1/assassin/rowan.90/lcsv2/12_12.5/lc0_cal,/data/poohbah/1/assassin/rowan.90/lcsv2/12_12.5/lc0_cal/292058109684.dat,0,11.9783178598351,[],[],0,11.980639012232416,[],[]
12_12.5,292059028350,0,/data/poohbah/1/assassin/lenhart/code/calder/lcsv2_masked/12_12.5/index0_masked.csv,/data/poohbah/1/assassin/rowan.90/lcsv2/12_12.5/lc0_cal,/data/poohbah/1/assassin/rowan.90/lcsv2/12_12.5/lc0_cal/292059028350.dat,0,12.03311462230672,[],[],0,12.02382737090909,[],[]
12_12.5,292058329952,0,/data/poohbah/1/assassin/lenhart/code/calder/lcsv2_masked/12_12.5/index0_masked.csv,/data/poohbah/1/assassin/rowan.90/lcsv2/12_12.5/lc0_cal,/data/poohbah/1/assassin/rowan.90/lcsv2/12_12.5/lc0_cal/292058329952.dat,0,11.99169593511008,[],[],0,11.991165173144877,[],[]
12_12.5,292058104225,0,/data/poohbah/1/assassin/lenhart/code/calder/lcsv2_masked/12_12.5/index0_masked.csv,/data/poohbah/1/assassin/rowan.90/lcsv2/12_12.5/lc0_cal,/data/poohbah/1/assassin/rowan.90/lcsv2/12_12.5/lc0_cal/292058104225.dat,0,12.010031096144461,[],[],0,12.002907037087912,[],[]
12_12.5,292058087834,0,/data/poohbah/1/assassin/lenhart/code/calder/lcsv2_masked/12_12.5/index0_masked.csv,/data/poohbah/1/assassin/rowan.90/lcsv2/12_12.5/lc0_cal,/data/poohbah/1/assassin/rowan.90/lcsv2/12_12.5/lc0_cal/292058087834.dat,0,11.922449028605483,[],[],0,11.912469365853658,[],[]
12_12.5,292058533745,0,/data/poohbah/1/assassin/lenhart/code/calder/lcsv2_masked/12_12.5/index0_masked.csv,/data/poohbah/1/assassin/rowan.90/lcsv2/12_12.5/lc0_cal,/data/poohbah/1/assassin/rowan.90/lcsv2/12_12.5/lc0_cal/292058533745.dat,0,12.021443481447966,[],[],0,12.019612407008085,[],[]
12_12.5,309238178459,0,/data/poohbah/1/assassin/lenhart/code/calder/lcsv2_masked/12_12.5/index0_masked.csv,/data/poohbah/1/assassin/rowan.90/lcsv2/12_12.5/lc0_cal,/data/poohbah/1/assassin/rowan.90/lcsv2/12_12.5/lc0_cal/309238178459.dat,0,12.03175757014028,[],[],0,12.026856605072464,[],[]
12_12.5,395137808591,0,/data/poohbah/1/assassin/lenhart/code/calder/lcsv2_masked/12_12.5/index0_masked.csv,/data/poohbah/1/assassin/rowan.90/lcsv2/12_12.5/lc0_cal,/data/poohbah/1/assassin/rowan.90/lcsv2/12_12.5/lc0_cal/395137808591.dat,0,11.975958842105262,[],[],0,11.976363419939577,[],[]
12_12.5,292058100689,0,/data/poohbah/1/assassin/lenhart/code/calder/lcsv2_masked/12_12.5/index0_masked.csv,/data/poohbah/1/assassin/rowan.90/lcsv2/12_12.5/lc0_cal,/data/poohbah/1/assassin/rowan.90/lcsv2/12_12.5/lc0_cal/292058100689.dat,0,11.98803039155251,[],[],0,11.9910885625,[],[]
12_12.5,292058349962,0,/data/poohbah/1/assassin/lenhart/code/calder/lcsv2_masked/12_12.5/index0_masked.csv,/data/poohbah/1/assassin/rowan.90/lcsv2/12_12.5/lc0_cal,/data/poohbah/1/assassin/rowan.90/lcsv2/12_12.5/lc0_cal/292058349962.dat,0,12.00195151061008,[],[],0,12.001384665505224,[],[]
12_12.5,309238176702,0,/data/poohbah/1/assassin/lenhart/code/calder/lcsv2_masked/12_12.5/index0_masked.csv,/data/poohbah/1/assassin/rowan.90/lcsv2/12_12.5/lc0_cal,/data/poohbah/1/assassin/rowan.90/lcsv2/12_12.5/lc0_cal/309238176702.dat,0,11.9290894893617,[],[],0,11.926230261306532,[],[]
12_12.5,395137808446,0,/data/poohbah/1/assassin/lenhart/code/calder/lcsv2_masked/12_12.5/index0_masked.csv,/data/poohbah/1/assassin/rowan.90/lcsv2/12_12.5/lc0_cal,/data/poohbah/1/assassin/rowan.90/lcsv2/12_12.5/lc0_cal/395137808446.dat,0,12.000574208025341,[],[],0,12.004448969696972,[],[]
12_12.5,292058325794,0,/data/poohbah/1/assassin/lenhart/code/calder/lcsv2_masked/12_12.5/index0_masked.csv,/data/poohbah/1/assassin/rowan.90/lcsv2/12_12.5/lc0_cal,/data/poohbah/1/assassin/rowan.90/lcsv2/12_12.5/lc0_cal/292058325794.dat,0,11.940850151296829,[],[],0,11.935245626728113,[],[]
12_12.5,292059049147,0,/data/poohbah/1/assassin/lenhart/code/calder/lcsv2_masked/12_12.5/index0_masked.csv,/data/poohbah/1/assassin/rowan.90/lcsv2/12_12.5/lc0_cal,/data/poohbah/1/assassin/rowan.90/lcsv2/12_12.5/lc0_cal/292059049147.dat,0,12.004844361761949,[],[],0,12.006394,[],[]
12_12.5,292059054588,0,/data/poohbah/1/assassin/lenhart/code/calder/lcsv2_masked/12_12.5/index0_masked.csv,/data/poohbah/1/assassin/rowan.90/lcsv2/12_12.5/lc0_cal,/data/poohbah/1/assassin/rowan.90/lcsv2/12_12.5/lc0_cal/292059054588.dat,0,11.970160206185568,[],[],0,11.97495212944984,[],[]
12_12.5,395137780788,0,/data/poohbah/1/assassin/lenhart/code/calder/lcsv2_masked/12_12.5/index0_masked.csv,/data/poohbah/1/assassin/rowan.90/lcsv2/12_12.5/lc0_cal,/data/poohbah/1/assassin/rowan.90/lcsv2/12_12.5/lc0_cal/395137780788.dat,0,12.04095469509044,[],[],0,12.03678654609929,[],[]
12_12.5,292058321892,0,/data/poohbah/1/assassin/lenhart/code/calder/lcsv2_masked/12_12.5/index0_masked.csv,/data/poohbah/1/assassin/rowan.90/lcsv2/12_12.5/lc0_cal,/data/poohbah/1/assassin/rowan.90/lcsv2/12_12.5/lc0_cal/292058321892.dat,0,12.020986617463619,[],[],0,12.020942825,[],[]
12_12.5,292058571015,0,/data/poohbah/1/assassin/lenhart/code/calder/lcsv2_masked/12_12.5/index0_masked.csv,/data/poohbah/1/assassin/rowan.90/lcsv2/12_12.5/lc0_cal,/data/poohbah/1/assassin/rowan.90/lcsv2/12_12.5/lc0_cal/292058571015.dat,0,12.00702170352941,[],[],0,12.008077482428115,[],[]
12_12.5,292058321200,0,/data/poohbah/1/assassin/lenhart/code/calder/lcsv2_masked/12_12.5/index0_masked.csv,/data/poohbah/1/assassin/rowan.90/lcsv2/12_12.5/lc0_cal,/data/poohbah/1/assassin/rowan.90/lcsv2/12_12.5/lc0_cal/292058321200.dat,0,12.034106306471308,[],[],0,12.038499796666667,[],[]
12_12.5,292058336433,0,/data/poohbah/1/assassin/lenhart/code/calder/lcsv2_masked/12_12.5/index0_masked.csv,/data/poohbah/1/assassin/rowan.90/lcsv2/12_12.5/lc0_cal,/data/poohbah/1/assassin/rowan.90/lcsv2/12_12.5/lc0_cal/292058336433.dat,0,12.03530712647754,[],[],0,12.038549034632036,[],[]
12_12.5,292058105465,0,/data/poohbah/1/assassin/lenhart/code/calder/lcsv2_masked/12_12.5/index0_masked.csv,/data/poohbah/1/assassin/rowan.90/lcsv2/12_12.5/lc0_cal,/data/poohbah/1/assassin/rowan.90/lcsv2/12_12.5/lc0_cal/292058105465.dat,0,12.028189011560693,[],[],0,12.026818348993288,[],[]
12_12.5,292058572470,0,/data/poohbah/1/assassin/lenhart/code/calder/lcsv2_masked/12_12.5/index0_masked.csv,/data/poohbah/1/assassin/rowan.90/lcsv2/12_12.5/lc0_cal,/data/poohbah/1/assassin/rowan.90/lcsv2/12_12.5/lc0_cal/292058572470.dat,0,11.994660813436441,[],[],0,12.00968178561151,[],[]
12_12.5,292058566662,0,/data/poohbah/1/assassin/lenhart/code/calder/lcsv2_masked/12_12.5/index0_masked.csv,/data/poohbah/1/assassin/rowan.90/lcsv2/12_12.5/lc0_cal,/data/poohbah/1/assassin/rowan.90/lcsv2/12_12.5/lc0_cal/292058566662.dat,0,11.97899205121639,[],[],0,11.97637821682848,[],[]
12_12.5,292058105661,0,/data/poohbah/1/assassin/lenhart/code/calder/lcsv2_masked/12_12.5/index0_masked.csv,/data/poohbah/1/assassin/rowan.90/lcsv2/12_12.5/lc0_cal,/data/poohbah/1/assassin/rowan.90/lcsv2/12_12.5/lc0_cal/292058105661.dat,0,12.005938756489494,[],[],0,12.008605317220544,[],[]
12_12.5,326418063096,0,/data/poohbah/1/assassin/lenhart/code/calder/lcsv2_masked/12_12.5/index0_masked.csv,/data/poohbah/1/assassin/rowan.90/lcsv2/12_12.5/lc0_cal,/data/poohbah/1/assassin/rowan.90/lcsv2/12_12.5/lc0_cal/326418063096.dat,0,12.027942017543863,[],[],0,12.026933978021978,[],[]
12_12.5,292058325585,0,/data/poohbah/1/assassin/lenhart/code/calder/lcsv2_masked/12_12.5/index0_masked.csv,/data/poohbah/1/assassin/rowan.90/lcsv2/12_12.5/lc0_cal,/data/poohbah/1/assassin/rowan.90/lcsv2/12_12.5/lc0_cal/292058325585.dat,0,12.030336801479654,[],[],0,12.029179870967742,[],[]
12_12.5,292058328795,0,/data/poohbah/1/assassin/lenhart/code/calder/lcsv2_masked/12_12.5/index0_masked.csv,/data/poohbah/1/assassin/rowan.90/lcsv2/12_12.5/lc0_cal,/data/poohbah/1/assassin/rowan.90/lcsv2/12_12.5/lc0_cal/292058328795.dat,0,12.003655230046949,[],[],0,12.003425277070065,[],[]
12_12.5,292058339451,0,/data/poohbah/1/assassin/lenhart/code/calder/lcsv2_masked/12_12.5/index0_masked.csv,/data/poohbah/1/assassin/rowan.90/lcsv2/12_12.5/lc0_cal,/data/poohbah/1/assassin/rowan.90/lcsv2/12_12.5/lc0_cal/292058339451.dat,0,11.990382525334887,[],[],0,11.987937184663537,[],[]
12_12.5,292059059142,0,/data/poohbah/1/assassin/lenhart/code/calder/lcsv2_masked/12_12.5/index0_masked.csv,/data/poohbah/1/assassin/rowan.90/lcsv2/12_12.5/lc0_cal,/data/poohbah/1/assassin/rowan.90/lcsv2/12_12.5/lc0_cal/292059059142.dat,0,11.985362402439025,[],[],0,11.989002322916667,[],[]
12_12.5,292058098684,0,/data/poohbah/1/assassin/lenhart/code/calder/lcsv2_masked/12_12.5/index0_masked.csv,/data/poohbah/1/assassin/rowan.90/lcsv2/12_12.5/lc0_cal,/data/poohbah/1/assassin/rowan.90/lcsv2/12_12.5/lc0_cal/292058098684.dat,0,12.03716154601227,[],[],0,12.038083142465753,[],[]
12_12.5,395137810537,0,/data/poohbah/1/assassin/lenhart/code/calder/lcsv2_masked/12_12.5/index0_masked.csv,/data/poohbah/1/assassin/rowan.90/lcsv2/12_12.5/lc0_cal,/data/poohbah/1/assassin/rowan.90/lcsv2/12_12.5/lc0_cal/395137810537.dat,0,11.31708747536946,[],[],0,11.30816488888889,[],[]
12_12.5,292058349370,0,/data/poohbah/1/assassin/lenhart/code/calder/lcsv2_masked/12_12.5/index0_masked.csv,/data/poohbah/1/assassin/rowan.90/lcsv2/12_12.5/lc0_cal,/data/poohbah/1/assassin/rowan.90/lcsv2/12_12.5/lc0_cal/292058349370.dat,0,12.015469709677419,[],[],0,12.006123520689655,[],[]
12_12.5,292058548707,0,/data/poohbah/1/assassin/lenhart/code/calder/lcsv2_masked/12_12.5/index0_masked.csv,/data/poohbah/1/assassin/rowan.90/lcsv2/12_12.5/lc0_cal,/data/poohbah/1/assassin/rowan.90/lcsv2/12_12.5/lc0_cal/292058548707.dat,0,12.038692766367136,[],[],0,12.038680979452055,[],[]
12_12.5,292058089264,0,/data/poohbah/1/assassin/lenhart/code/calder/lcsv2_masked/12_12.5/index0_masked.csv,/data/poohbah/1/assassin/rowan.90/lcsv2/12_12.5/lc0_cal,/data/poohbah/1/assassin/rowan.90/lcsv2/12_12.5/lc0_cal/292058089264.dat,0,12.03009175528169,[],[],0,12.025819034985423,[],[]
12_12.5,283469134001,0,/data/poohbah/1/assassin/lenhart/code/calder/lcsv2_masked/12_12.5/index0_masked.csv,/data/poohbah/1/assassin/rowan.90/lcsv2/12_12.5/lc0_cal,/data/poohbah/1/assassin/rowan.90/lcsv2/12_12.5/lc0_cal/283469134001.dat,0,12.060859434561626,[],[],0,12.05925087919463,[],[]
12_12.5,326418062830,0,/data/poohbah/1/assassin/lenhart/code/calder/lcsv2_masked/12_12.5/index0_masked.csv,/data/poohbah/1/assassin/rowan.90/lcsv2/12_12.5/lc0_cal,/data/poohbah/1/assassin/rowan.90/lcsv2/12_12.5/lc0_cal/326418062830.dat,0,12.018404523593466,[],[],0,12.022108733333335,[],[]
12_12.5,395137782407,0,/data/poohbah/1/assassin/lenhart/code/calder/lcsv2_masked/12_12.5/index0_masked.csv,/data/poohbah/1/assassin/rowan.90/lcsv2/12_12.5/lc0_cal,/data/poohbah/1/assassin/rowan.90/lcsv2/12_12.5/lc0_cal/395137782407.dat,0,11.887553512048195,[],[],0,11.892491010869565,[],[]
12_12.5,395137793088,0,/data/poohbah/1/assassin/lenhart/code/calder/lcsv2_masked/12_12.5/index0_masked.csv,/data/poohbah/1/assassin/rowan.90/lcsv2/12_12.5/lc0_cal,/data/poohbah/1/assassin/rowan.90/lcsv2/12_12.5/lc0_cal/395137793088.dat,0,12.053573671779143,[],[],0,12.038746460732986,[],[]
12_12.5,326418062056,0,/data/poohbah/1/assassin/lenhart/code/calder/lcsv2_masked/12_12.5/index0_masked.csv,/data/poohbah/1/assassin/rowan.90/lcsv2/12_12.5/lc0_cal,/data/poohbah/1/assassin/rowan.90/lcsv2/12_12.5/lc0_cal/326418062056.dat,0,12.034838787301585,[],[],0,12.034618703583062,[],[]
12_12.5,283469157400,0,/data/poohbah/1/assassin/lenhart/code/calder/lcsv2_masked/12_12.5/index0_masked.csv,/data/poohbah/1/assassin/rowan.90/lcsv2/12_12.5/lc0_cal,/data/poohbah/1/assassin/rowan.90/lcsv2/12_12.5/lc0_cal/283469157400.dat,0,12.03074959041096,[],[],0,12.029394657342657,[],[]
12_12.5,300647765182,0,/data/poohbah/1/assassin/lenhart/code/calder/lcsv2_masked/12_12.5/index0_masked.csv,/data/poohbah/1/assassin/rowan.90/lcsv2/12_12.5/lc0_cal,/data/poohbah/1/assassin/rowan.90/lcsv2/12_12.5/lc0_cal/300647765182.dat,0,12.013233944201314,[],[],0,12.017774457831324,[],[]
12_12.5,283469154376,0,/data/poohbah/1/assassin/lenhart/code/calder/lcsv2_masked/12_12.5/index0_masked.csv,/data/poohbah/1/assassin/rowan.90/lcsv2/12_12.5/lc0_cal,/data/poohbah/1/assassin/rowan.90/lcsv2/12_12.5/lc0_cal/283469154376.dat,0,12.100659932322055,[],[],0,12.084205269113149,[],[]
12_12.5,283469157004,0,/data/poohbah/1/assassin/lenhart/code/calder/lcsv2_masked/12_12.5/index0_masked.csv,/data/poohbah/1/assassin/rowan.90/lcsv2/12_12.5/lc0_cal,/data/poohbah/1/assassin/rowan.90/lcsv2/12_12.5/lc0_cal/283469157004.dat,0,12.0205131856449,[],[],0,12.015836961471104,[],[]
12_12.5,292059046231,0,/data/poohbah/1/assassin/lenhart/code/calder/lcsv2_masked/12_12.5/index0_masked.csv,/data/poohbah/1/assassin/rowan.90/lcsv2/12_12.5/lc0_cal,/data/poohbah/1/assassin/rowan.90/lcsv2/12_12.5/lc0_cal/292059046231.dat,0,12.066620604651161,[],[],0,12.06321029380054,[],[]
12_12.5,283469159024,0,/data/poohbah/1/assassin/lenhart/code/calder/lcsv2_masked/12_12.5/index0_masked.csv,/data/poohbah/1/assassin/rowan.90/lcsv2/12_12.5/lc0_cal,/data/poohbah/1/assassin/rowan.90/lcsv2/12_12.5/lc0_cal/283469159024.dat,0,11.981733717528375,[],[],0,11.98675886551724,[],[]
12_12.5,300647755135,0,/data/poohbah/1/assassin/lenhart/code/calder/lcsv2_masked/12_12.5/index0_masked.csv,/data/poohbah/1/assassin/rowan.90/lcsv2/12_12.5/lc0_cal,/data/poohbah/1/assassin/rowan.90/lcsv2/12_12.5/lc0_cal/300647755135.dat,0,12.02340060153257,[],[],0,12.020524989932886,[],[]
12_12.5,300647754406,0,/data/poohbah/1/assassin/lenhart/code/calder/lcsv2_masked/12_12.5/index0_masked.csv,/data/poohbah/1/assassin/rowan.90/lcsv2/12_12.5/lc0_cal,/data/poohbah/1/assassin/rowan.90/lcsv2/12_12.5/lc0_cal/300647754406.dat,0,12.013416506343715,[],[],0,12.018736361111113,[],[]
12_12.5,300647764951,0,/data/poohbah/1/assassin/lenhart/code/calder/lcsv2_masked/12_12.5/index0_masked.csv,/data/poohbah/1/assassin/rowan.90/lcsv2/12_12.5/lc0_cal,/data/poohbah/1/assassin/rowan.90/lcsv2/12_12.5/lc0_cal/300647764951.dat,0,12.003651128630706,[],[],0,11.998400594339621,[],[]
12_12.5,283469142144,0,/data/poohbah/1/assassin/lenhart/code/calder/lcsv2_masked/12_12.5/index0_masked.csv,/data/poohbah/1/assassin/rowan.90/lcsv2/12_12.5/lc0_cal,/data/poohbah/1/assassin/rowan.90/lcsv2/12_12.5/lc0_cal/283469142144.dat,0,11.999005160404622,[],[],0,11.99836257142857,[],[]
12_12.5,283469145363,0,/data/poohbah/1/assassin/lenhart/code/calder/lcsv2_masked/12_12.5/index0_masked.csv,/data/poohbah/1/assassin/rowan.90/lcsv2/12_12.5/lc0_cal,/data/poohbah/1/assassin/rowan.90/lcsv2/12_12.5/lc0_cal/283469145363.dat,0,11.97198150877193,[],[],0,11.967828425855513,[],[]
12_12.5,283469124006,0,/data/poohbah/1/assassin/lenhart/code/calder/lcsv2_masked/12_12.5/index0_masked.csv,/data/poohbah/1/assassin/rowan.90/lcsv2/12_12.5/lc0_cal,/data/poohbah/1/assassin/rowan.90/lcsv2/12_12.5/lc0_cal/283469124006.dat,0,12.077283859432796,[],[],0,12.059888365558912,[],[]
12_12.5,292059065740,0,/data/poohbah/1/assassin/lenhart/code/calder/lcsv2_masked/12_12.5/index0_masked.csv,/data/poohbah/1/assassin/rowan.90/lcsv2/12_12.5/lc0_cal,/data/poohbah/1/assassin/rowan.90/lcsv2/12_12.5/lc0_cal/292059065740.dat,0,12.01554381779661,[],[],0,12.013516772727272,[],[]
12_12.5,292059065739,0,/data/poohbah/1/assassin/lenhart/code/calder/lcsv2_masked/12_12.5/index0_masked.csv,/data/poohbah/1/assassin/rowan.90/lcsv2/12_12.5/lc0_cal,/data/poohbah/1/assassin/rowan.90/lcsv2/12_12.5/lc0_cal/292059065739.dat,0,12.064838778741864,[],[],0,12.063023327272727,[],[]
12_12.5,292059061355,0,/data/poohbah/1/assassin/lenhart/code/calder/lcsv2_masked/12_12.5/index0_masked.csv,/data/poohbah/1/assassin/rowan.90/lcsv2/12_12.5/lc0_cal,/data/poohbah/1/assassin/rowan.90/lcsv2/12_12.5/lc0_cal/292059061355.dat,0,12.007493861076345,[],[],0,12.004430274914089,[],[]
12_12.5,283469137431,0,/data/poohbah/1/assassin/lenhart/code/calder/lcsv2_masked/12_12.5/index0_masked.csv,/data/poohbah/1/assassin/rowan.90/lcsv2/12_12.5/lc0_cal,/data/poohbah/1/assassin/rowan.90/lcsv2/12_12.5/lc0_cal/283469137431.dat,0,12.023434059760957,[],[],0,12.02501910806175,[],[]
12_12.5,292059059116,0,/data/poohbah/1/assassin/lenhart/code/calder/lcsv2_masked/12_12.5/index0_masked.csv,/data/poohbah/1/assassin/rowan.90/lcsv2/12_12.5/lc0_cal,/data/poohbah/1/assassin/rowan.90/lcsv2/12_12.5/lc0_cal/292059059116.dat,0,12.018967263862333,[],[],0,12.0201740398773,[],[]
12_12.5,283469135969,0,/data/poohbah/1/assassin/lenhart/code/calder/lcsv2_masked/12_12.5/index0_masked.csv,/data/poohbah/1/assassin/rowan.90/lcsv2/12_12.5/lc0_cal,/data/poohbah/1/assassin/rowan.90/lcsv2/12_12.5/lc0_cal/283469135969.dat,0,12.052218471319312,[],[],0,12.051029975535169,[],[]
12_12.5,283469136654,0,/data/poohbah/1/assassin/lenhart/code/calder/lcsv2_masked/12_12.5/index0_masked.csv,/data/poohbah/1/assassin/rowan.90/lcsv2/12_12.5/lc0_cal,/data/poohbah/1/assassin/rowan.90/lcsv2/12_12.5/lc0_cal/283469136654.dat,0,12.1245166763285,[],[],0,12.042725508196721,[],[]
12_12.5,395137747381,0,/data/poohbah/1/assassin/lenhart/code/calder/lcsv2_masked/12_12.5/index0_masked.csv,/data/poohbah/1/assassin/rowan.90/lcsv2/12_12.5/lc0_cal,/data/poohbah/1/assassin/rowan.90/lcsv2/12_12.5/lc0_cal/395137747381.dat,0,11.969358126582279,[],[],0,11.966637065517242,[],[]
12_12.5,292058473909,0,/data/poohbah/1/assassin/lenhart/code/calder/lcsv2_masked/12_12.5/index0_masked.csv,/data/poohbah/1/assassin/rowan.90/lcsv2/12_12.5/lc0_cal,/data/poohbah/1/assassin/rowan.90/lcsv2/12_12.5/lc0_cal/292058473909.dat,0,11.999140295261238,[],[],0,12.008885300653596,[],[]
12_12.5,326417721881,0,/data/poohbah/1/assassin/lenhart/code/calder/lcsv2_masked/12_12.5/index0_masked.csv,/data/poohbah/1/assassin/rowan.90/lcsv2/12_12.5/lc0_cal,/data/poohbah/1/assassin/rowan.90/lcsv2/12_12.5/lc0_cal/326417721881.dat,0,12.02426941833031,[],[],0,12.024648329073482,[],[]
12_12.5,326417851151,0,/data/poohbah/1/assassin/lenhart/code/calder/lcsv2_masked/12_12.5/index0_masked.csv,/data/poohbah/1/assassin/rowan.90/lcsv2/12_12.5/lc0_cal,/data/poohbah/1/assassin/rowan.90/lcsv2/12_12.5/lc0_cal/326417851151.dat,0,12.05606609102402,[],[],0,12.047943574394463,[],[]
12_12.5,300647775965,0,/data/poohbah/1/assassin/lenhart/code/calder/lcsv2_masked/12_12.5/index0_masked.csv,/data/poohbah/1/assassin/rowan.90/lcsv2/12_12.5/lc0_cal,/data/poohbah/1/assassin/rowan.90/lcsv2/12_12.5/lc0_cal/300647775965.dat,0,11.457605222222222,[],[],0,11.456720657894738,[],[]
12_12.5,326417734890,0,/data/poohbah/1/assassin/lenhart/code/calder/lcsv2_masked/12_12.5/index0_masked.csv,/data/poohbah/1/assassin/rowan.90/lcsv2/12_12.5/lc0_cal,/data/poohbah/1/assassin/rowan.90/lcsv2/12_12.5/lc0_cal/326417734890.dat,0,11.952711851428573,[],[],0,11.947771428571428,[],[]
12_12.5,395137760320,0,/data/poohbah/1/assassin/lenhart/code/calder/lcsv2_masked/12_12.5/index0_masked.csv,/data/poohbah/1/assassin/rowan.90/lcsv2/12_12.5/lc0_cal,/data/poohbah/1/assassin/rowan.90/lcsv2/12_12.5/lc0_cal/395137760320.dat,0,12.007365060483872,[],[],0,12.005810995594715,[],[]
12_12.5,300647785734,0,/data/poohbah/1/assassin/lenhart/code/calder/lcsv2_masked/12_12.5/index0_masked.csv,/data/poohbah/1/assassin/rowan.90/lcsv2/12_12.5/lc0_cal,/data/poohbah/1/assassin/rowan.90/lcsv2/12_12.5/lc0_cal/300647785734.dat,0,12.041863554278416,[],[],0,12.034480556776558,[],[]
12_12.5,395137734677,0,/data/poohbah/1/assassin/lenhart/code/calder/lcsv2_masked/12_12.5/index0_masked.csv,/data/poohbah/1/assassin/rowan.90/lcsv2/12_12.5/lc0_cal,/data/poohbah/1/assassin/rowan.90/lcsv2/12_12.5/lc0_cal/395137734677.dat,0,11.980312865566038,[],[],0,11.97657354601227,[],[]
12_12.5,326418629449,0,/data/poohbah/1/assassin/lenhart/code/calder/lcsv2_masked/12_12.5/index0_masked.csv,/data/poohbah/1/assassin/rowan.90/lcsv2/12_12.5/lc0_cal,/data/poohbah/1/assassin/rowan.90/lcsv2/12_12.5/lc0_cal/326418629449.dat,0,11.99895666223909,[],[],0,11.999931584775087,[],[]
12_12.5,300648070706,0,/data/poohbah/1/assassin/lenhart/code/calder/lcsv2_masked/12_12.5/index0_masked.csv,/data/poohbah/1/assassin/rowan.90/lcsv2/12_12.5/lc0_cal,/data/poohbah/1/assassin/rowan.90/lcsv2/12_12.5/lc0_cal/300648070706.dat,2,12.0351999704,"[1004, 1179]","[35.804368, 241.528224]",0,12.02609212937063,[],[]
12_12.5,300647778770,0,/data/poohbah/1/assassin/lenhart/code/calder/lcsv2_masked/12_12.5/index0_masked.csv,/data/poohbah/1/assassin/rowan.90/lcsv2/12_12.5/lc0_cal,/data/poohbah/1/assassin/rowan.90/lcsv2/12_12.5/lc0_cal/300647778770.dat,0,12.129297744552058,[],[],0,12.04964837704918,[],[]
12_12.5,326418650785,0,/data/poohbah/1/assassin/lenhart/code/calder/lcsv2_masked/12_12.5/index0_masked.csv,/data/poohbah/1/assassin/rowan.90/lcsv2/12_12.5/lc0_cal,/data/poohbah/1/assassin/rowan.90/lcsv2/12_12.5/lc0_cal/326418650785.dat,0,12.02492883380682,[],[],0,12.027704660516605,[],[]
12_12.5,283469143932,0,/data/poohbah/1/assassin/lenhart/code/calder/lcsv2_masked/12_12.5/index0_masked.csv,/data/poohbah/1/assassin/rowan.90/lcsv2/12_12.5/lc0_cal,/data/poohbah/1/assassin/rowan.90/lcsv2/12_12.5/lc0_cal/283469143932.dat,0,12.057591505786247,[],[],0,12.056758904929577,[],[]
12_12.5,300647770374,0,/data/poohbah/1/assassin/lenhart/code/calder/lcsv2_masked/12_12.5/index0_masked.csv,/data/poohbah/1/assassin/rowan.90/lcsv2/12_12.5/lc0_cal,/data/poohbah/1/assassin/rowan.90/lcsv2/12_12.5/lc0_cal/300647770374.dat,0,12.009637877106046,[],[],0,12.011505601941748,[],[]
12_12.5,300648040963,0,/data/poohbah/1/assassin/lenhart/code/calder/lcsv2_masked/12_12.5/index0_masked.csv,/data/poohbah/1/assassin/rowan.90/lcsv2/12_12.5/lc0_cal,/data/poohbah/1/assassin/rowan.90/lcsv2/12_12.5/lc0_cal/300648040963.dat,0,12.004074540570175,[],[],0,12.0031466796875,[],[]
12_12.5,395137733031,0,/data/poohbah/1/assassin/lenhart/code/calder/lcsv2_masked/12_12.5/index0_masked.csv,/data/poohbah/1/assassin/rowan.90/lcsv2/12_12.5/lc0_cal,/data/poohbah/1/assassin/rowan.90/lcsv2/12_12.5/lc0_cal/395137733031.dat,0,12.033211434300792,[],[],0,12.026173543946934,[],[]
12_12.5,300647760888,0,/data/poohbah/1/assassin/lenhart/code/calder/lcsv2_masked/12_12.5/index0_masked.csv,/data/poohbah/1/assassin/rowan.90/lcsv2/12_12.5/lc0_cal,/data/poohbah/1/assassin/rowan.90/lcsv2/12_12.5/lc0_cal/300647760888.dat,0,12.055794056402439,[],[],0,12.046878126760562,[],[]
12_12.5,300647787064,0,/data/poohbah/1/assassin/lenhart/code/calder/lcsv2_masked/12_12.5/index0_masked.csv,/data/poohbah/1/assassin/rowan.90/lcsv2/12_12.5/lc0_cal,/data/poohbah/1/assassin/rowan.90/lcsv2/12_12.5/lc0_cal/300647787064.dat,0,11.994744028083028,[],[],0,11.989597518821602,[],[]
12_12.5,300648858987,0,/data/poohbah/1/assassin/lenhart/code/calder/lcsv2_masked/12_12.5/index0_masked.csv,/data/poohbah/1/assassin/rowan.90/lcsv2/12_12.5/lc0_cal,/data/poohbah/1/assassin/rowan.90/lcsv2/12_12.5/lc0_cal/300648858987.dat,0,12.039687413138687,[],[],0,12.040825835016834,[],[]
12_12.5,300648877145,0,/data/poohbah/1/assassin/lenhart/code/calder/lcsv2_masked/12_12.5/index0_masked.csv,/data/poohbah/1/assassin/rowan.90/lcsv2/12_12.5/lc0_cal,/data/poohbah/1/assassin/rowan.90/lcsv2/12_12.5/lc0_cal/300648877145.dat,0,12.005655598546776,[],[],0,12.002597866666665,[],[]
12_12.5,326417742931,0,/data/poohbah/1/assassin/lenhart/code/calder/lcsv2_masked/12_12.5/index0_masked.csv,/data/poohbah/1/assassin/rowan.90/lcsv2/12_12.5/lc0_cal,/data/poohbah/1/assassin/rowan.90/lcsv2/12_12.5/lc0_cal/326417742931.dat,0,12.043954315107912,[],[],0,12.039071201005026,[],[]
12_12.5,326418662253,0,/data/poohbah/1/assassin/lenhart/code/calder/lcsv2_masked/12_12.5/index0_masked.csv,/data/poohbah/1/assassin/rowan.90/lcsv2/12_12.5/lc0_cal,/data/poohbah/1/assassin/rowan.90/lcsv2/12_12.5/lc0_cal/326418662253.dat,0,12.01532283524904,[],[],0,12.003142480000001,[],[]
12_12.5,300648865464,0,/data/poohbah/1/assassin/lenhart/code/calder/lcsv2_masked/12_12.5/index0_masked.csv,/data/poohbah/1/assassin/rowan.90/lcsv2/12_12.5/lc0_cal,/data/poohbah/1/assassin/rowan.90/lcsv2/12_12.5/lc0_cal/300648865464.dat,0,12.009782144945188,[],[],0,11.985034315457414,[],[]
12_12.5,300648884750,0,/data/poohbah/1/assassin/lenhart/code/calder/lcsv2_masked/12_12.5/index0_masked.csv,/data/poohbah/1/assassin/rowan.90/lcsv2/12_12.5/lc0_cal,/data/poohbah/1/assassin/rowan.90/lcsv2/12_12.5/lc0_cal/300648884750.dat,0,12.036667241674595,[],[],0,12.033906697916667,[],[]
12_12.5,300648080303,0,/data/poohbah/1/assassin/lenhart/code/calder/lcsv2_masked/12_12.5/index0_masked.csv,/data/poohbah/1/assassin/rowan.90/lcsv2/12_12.5/lc0_cal,/data/poohbah/1/assassin/rowan.90/lcsv2/12_12.5/lc0_cal/300648080303.dat,0,12.012332328507796,[],[],0,12.015939337349398,[],[]
12_12.5,292058483126,0,/data/poohbah/1/assassin/lenhart/code/calder/lcsv2_masked/12_12.5/index0_masked.csv,/data/poohbah/1/assassin/rowan.90/lcsv2/12_12.5/lc0_cal,/data/poohbah/1/assassin/rowan.90/lcsv2/12_12.5/lc0_cal/292058483126.dat,0,12.022896622291022,[],[],0,12.017397020833334,[],[]
12_12.5,300647757319,0,/data/poohbah/1/assassin/lenhart/code/calder/lcsv2_masked/12_12.5/index0_masked.csv,/data/poohbah/1/assassin/rowan.90/lcsv2/12_12.5/lc0_cal,/data/poohbah/1/assassin/rowan.90/lcsv2/12_12.5/lc0_cal/300647757319.dat,0,12.043662199640288,[],[],0,12.042582235924932,[],[]
12_12.5,300647752783,0,/data/poohbah/1/assassin/lenhart/code/calder/lcsv2_masked/12_12.5/index0_masked.csv,/data/poohbah/1/assassin/rowan.90/lcsv2/12_12.5/lc0_cal,/data/poohbah/1/assassin/rowan.90/lcsv2/12_12.5/lc0_cal/300647752783.dat,0,12.021804771069183,[],[],0,12.024125839285714,[],[]
12_12.5,292058468655,0,/data/poohbah/1/assassin/lenhart/code/calder/lcsv2_masked/12_12.5/index0_masked.csv,/data/poohbah/1/assassin/rowan.90/lcsv2/12_12.5/lc0_cal,/data/poohbah/1/assassin/rowan.90/lcsv2/12_12.5/lc0_cal/292058468655.dat,0,12.031477495750707,[],[],0,12.021847095238098,[],[]
12_12.5,283469148707,0,/data/poohbah/1/assassin/lenhart/code/calder/lcsv2_masked/12_12.5/index0_masked.csv,/data/poohbah/1/assassin/rowan.90/lcsv2/12_12.5/lc0_cal,/data/poohbah/1/assassin/rowan.90/lcsv2/12_12.5/lc0_cal/283469148707.dat,0,11.967989445852535,[],[],0,11.977495791666666,[],[]
12_12.5,326418645529,0,/data/poohbah/1/assassin/lenhart/code/calder/lcsv2_masked/12_12.5/index0_masked.csv,/data/poohbah/1/assassin/rowan.90/lcsv2/12_12.5/lc0_cal,/data/poohbah/1/assassin/rowan.90/lcsv2/12_12.5/lc0_cal/326418645529.dat,0,12.034451129770993,[],[],0,12.038003554744526,[],[]
12_12.5,395137731880,0,/data/poohbah/1/assassin/lenhart/code/calder/lcsv2_masked/12_12.5/index0_masked.csv,/data/poohbah/1/assassin/rowan.90/lcsv2/12_12.5/lc0_cal,/data/poohbah/1/assassin/rowan.90/lcsv2/12_12.5/lc0_cal/395137731880.dat,0,12.029419030441401,[],[],0,12.031824798927614,[],[]
12_12.5,326418633144,0,/data/poohbah/1/assassin/lenhart/code/calder/lcsv2_masked/12_12.5/index0_masked.csv,/data/poohbah/1/assassin/rowan.90/lcsv2/12_12.5/lc0_cal,/data/poohbah/1/assassin/rowan.90/lcsv2/12_12.5/lc0_cal/326418633144.dat,0,12.022578092190889,[],[],0,12.020267613707167,[],[]
12_12.5,326418642511,0,/data/poohbah/1/assassin/lenhart/code/calder/lcsv2_masked/12_12.5/index0_masked.csv,/data/poohbah/1/assassin/rowan.90/lcsv2/12_12.5/lc0_cal,/data/poohbah/1/assassin/rowan.90/lcsv2/12_12.5/lc0_cal/326418642511.dat,0,11.967900520857473,[],[],0,11.968841655712051,[],[]
12_12.5,292058478722,0,/data/poohbah/1/assassin/lenhart/code/calder/lcsv2_masked/12_12.5/index0_masked.csv,/data/poohbah/1/assassin/rowan.90/lcsv2/12_12.5/lc0_cal,/data/poohbah/1/assassin/rowan.90/lcsv2/12_12.5/lc0_cal/292058478722.dat,0,12.052702409574469,[],[],0,12.04726442857143,[],[]
12_12.5,326417711422,0,/data/poohbah/1/assassin/lenhart/code/calder/lcsv2_masked/12_12.5/index0_masked.csv,/data/poohbah/1/assassin/rowan.90/lcsv2/12_12.5/lc0_cal,/data/poohbah/1/assassin/rowan.90/lcsv2/12_12.5/lc0_cal/326417711422.dat,0,12.029456906426155,[],[],0,12.030554853820599,[],[]
12_12.5,292058470925,0,/data/poohbah/1/assassin/lenhart/code/calder/lcsv2_masked/12_12.5/index0_masked.csv,/data/poohbah/1/assassin/rowan.90/lcsv2/12_12.5/lc0_cal,/data/poohbah/1/assassin/rowan.90/lcsv2/12_12.5/lc0_cal/292058470925.dat,0,12.036189357541899,[],[],0,12.040224214545454,[],[]
12_12.5,326418631932,0,/data/poohbah/1/assassin/lenhart/code/calder/lcsv2_masked/12_12.5/index0_masked.csv,/data/poohbah/1/assassin/rowan.90/lcsv2/12_12.5/lc0_cal,/data/poohbah/1/assassin/rowan.90/lcsv2/12_12.5/lc0_cal/326418631932.dat,0,12.005938835487663,[],[],0,11.989074585365854,[],[]
12_12.5,326418650177,0,/data/poohbah/1/assassin/lenhart/code/calder/lcsv2_masked/12_12.5/index0_masked.csv,/data/poohbah/1/assassin/rowan.90/lcsv2/12_12.5/lc0_cal,/data/poohbah/1/assassin/rowan.90/lcsv2/12_12.5/lc0_cal/326418650177.dat,0,12.016228351258581,[],[],0,12.020379859649122,[],[]
12_12.5,300647768753,0,/data/poohbah/1/assassin/lenhart/code/calder/lcsv2_masked/12_12.5/index0_masked.csv,/data/poohbah/1/assassin/rowan.90/lcsv2/12_12.5/lc0_cal,/data/poohbah/1/assassin/rowan.90/lcsv2/12_12.5/lc0_cal/300647768753.dat,0,12.033957524781343,[],[],0,12.03545268164794,[],[]
12_12.5,292058479496,0,/data/poohbah/1/assassin/lenhart/code/calder/lcsv2_masked/12_12.5/index0_masked.csv,/data/poohbah/1/assassin/rowan.90/lcsv2/12_12.5/lc0_cal,/data/poohbah/1/assassin/rowan.90/lcsv2/12_12.5/lc0_cal/292058479496.dat,0,11.99243372207447,[],[],0,11.98776124041812,[],[]
12_12.5,326418626445,0,/data/poohbah/1/assassin/lenhart/code/calder/lcsv2_masked/12_12.5/index0_masked.csv,/data/poohbah/1/assassin/rowan.90/lcsv2/12_12.5/lc0_cal,/data/poohbah/1/assassin/rowan.90/lcsv2/12_12.5/lc0_cal/326418626445.dat,0,12.001523792366413,[],[],0,12.005944570754716,[],[]
12_12.5,300647768163,0,/data/poohbah/1/assassin/lenhart/code/calder/lcsv2_masked/12_12.5/index0_masked.csv,/data/poohbah/1/assassin/rowan.90/lcsv2/12_12.5/lc0_cal,/data/poohbah/1/assassin/rowan.90/lcsv2/12_12.5/lc0_cal/300647768163.dat,0,11.89794757786484,[],[],0,11.903017078864355,[],[]
